typ,nazwa drina,scieka zdjecia,skladnik 1,ilosc s1,skladnik 2,ilosc s2,skladnik 3 ,ilosc s3,skladnik 4 ,ilosc s4,skladnik 5,ilosc s5,skladnik 6,ilosc s6,skladnik 7,ilosc s7,skladnik 8,ilosc s8,instrukcje,
drink,Capitan Jack,capitan_jack,Malibu,50 ml,Zaparzona kawa,50 ml ,Mleczko skondensowane nieslodzone,100 ml,Lod,,,,,,,,,,Wszystkie skladniki wstrzasem w shakerze z lodem. Przecedzam do szklanki... nle dodaje juz lodu.,5
drink,Czas Apokalipsy,czas_apokalipsy,Malibu,100 ml,Mleczko skondensowane nieslodzone,50 ml ,Syrop malinowy,20 ml,Lod,,,,,,,,,,Wszystkie skladniki wstrzasem w shakerze z lodem. Przecedzam do kieliszkow o pojemnosci 30-40 ml (cztery sztuki).,
drink,Tears In Heaven,tears_in_heaven,Blue curacao,80 ml,Limonka,polowa,Bazylia,5 listkow,Tonik,do dopelnienia,Lod,,,,,,,,W szklance ugniatam 1/4 limonki z bazyliai likierem blue curacao. Dodaje lod... mieszam lyzka... uzupelniam tonikiem... a nastepnie dekoruje pozostala polowka limonki.,
drink,Heartbreaker,heartbreaker,Srebna tequila,70 ml,Sok pomaranczowy,150 ml,Sok z czarnej porzeczki,100 ml ,Lod,,,,,,,,,,Wszystkie skladniki wstrzasem w shakerze z lodem. Przecedzam do duzej szklanki na lod... dekoruje pomarancz.,
drink,Summer Jam,summer_jam,Malibu,70 ml,Truskawki,2 sztuki,Sok z cytryny,15 ml,Sok pomaraczowy,do dopelnienia,Lod,,,,,,,,Truskawki kroje na male czastki... wrzucam do szklanki... zalewam Malibu. Ugniatam... zeby puscily sok. Dodaje sok z cytryny... kostki lodu i uzupelniam sokiem pomaranczowym. Dekoruje pomarancza i truskawk.,
drink,Sin City,sin_city,Malibu,50 ml,Blue Curacao,50 ml ,Mleczko skondensowane nieslodzone,50 ml,Lod,,,,,,,,,,Wszystkie skladniki wstrzasam w shakerze z lodem. Przecedzam do kieliszka koktajlowego.,
drink,Runaway Train,runaway_train,Wermut Classic,70 ml,Sok pomaranczowy,70 ml,Syrop cukrowy,20 ml,Sok z cytryny,20 ml,Blue Curacao,50 ml ,Lod,,,,,,Trzy pierwsze skladniki mieszam w shakerze bez lodu. Przecedzam do szklanki na lod. Nastepnie w shakerze mieszam bez lodu likier blue curacao i sok z cytryny. Delikatnie wlewam na kostki lodu do szklanki... po odwroconej lyzce... zeby utworzyly sie warstwy. Dekoruje pomarancz.,
drink,Eternal Flame,eternal_flame,Srebna tequila,50 ml,Sok pomaranczowy,100 ml,Sok z mango,50 ml,Syrop malinowy,15 ml,Sok z cytryny,15 ml ,Lod,,,,,,Wszystkie skladniki poza syropem malinowym wstrzasam w shakerze z lodem. Przecedzam do szklanki na lod... dodaje syrop... ktory powinien opasc na dno. Dekoruje plasterkiem pomaranczy.,
drink,La Isla Bonita,la_isla_bonita,Gin,100 ml,Sok z czarnej porzeczki,50 ml ,Sok z cytryny,20 ml ,Woda gazowana,do dopelnienia,Plasterki cytryny,do dekoracji,Lod,,,,,,Wszystkie skladniki wstrzasem w shakerze z lodem. Przecedzam do szklanki... dopelniam woda gazowana... dekoruje cytryn.,
drink,Be My Lover,be_my_lover,Gin,50 ml,Kiwi,1 sztuka,Imbir,kawalek,Sok z cytryny,10 ml,Sprite,do dopelnienia,Lod,,,,,,Imbir wyciskam przez praske do czosnku prosto do shakera. Dodaje obrane i pokrojone w kawalki kiwi i sok z cytryny. Wszystko razem rozgniatam muddlerem. Dodaje gin... lod i wstrzasam wszystkie skladniki. Przelewam do szklanki cala zawartosc shakera... uzupelniam Spritem... dekoruje plasterkiem kiwi.,
drink,Margarita Truskawkowa,margarita_truskawkowa,Srebna tequila,80 ml,Likier triple sec,40 ml ,Sok z cytryny,30 ml,Truskawki,2 sztuki,Lod,,,,,,,,Truskawki rozgniatam w shakerze... dodaje pozostale skladniki i lod. Wstrzasam energicznie... przelewem do kieliszka ko ktajlowego... dekoruje truskawk.,
drink,Wakabayashi,wakabayashi,Srebna tequila,50 ml,Mleczko skondensowane nieslodzone,100 ml,Kakao,2 lyzeczki rozpuszczone,Czekolada,zmielona do dekoracji,Lod,,,,,,,,Wszystkie skladniki wstrzasem w shakerze z lodem. Przecedzam do kieliszka... dekoruje starta lub zmielona czekolad.,
drink,Streets Of Philadelpia,streets_of_philadelphia,Srebna tequila,50 ml,Blue Curacao,20 ml,Sok grejfrutowy,100 ml,Tonik, do dopelnienia,Lod,,,,,,,,Trzy pierwsze skladniki mieszam w shakerze z lodem. Przecedzam do szklanki na lod... uzupelniam tonikiem... dekoruje twistem ze skorki cytryny.,
drink,Oceanside,oceanside,Srebna tequila,50 ml,Sok z granatu,100 ml,Sok zurawinowy,70 ml,Sok pomaranczowy,70 ml,Syrop malinowy,20 ml,Lod,,,,,,Wszystkie skladniki wstrzasam w shakerze z lodem. Przecedzam do duzej szklanki... dekoruje pomarancza i wisienka koktajlow.,
drink,Cool Night,cool_night,Gin,100 ml,Grenadyna,10 ml,Sok z cytryny,40 ml,Lod,,,,,,,,,,Wszystkie skladniki wstrzasem w shakerze z lodem. Przecedzam do trzech kieliszkow po 50 ml lub kilku mniejszych.,
drink,Zabojczy Numer,zabojczy_numer,Gin,70 ml,Sok pomaranczowy,100 ml,Blue Curacao,kilka kropli ,Lod,,,,,,,,,,Do shakera wrzucam lod i dodaje gin oraz sok... atakze kilka kropli syropu - tyle... zeby kolor drinka zmienil sie na zielony. Wstrzasam energicznie i przelewam do kieliszka koktajlowego. Mozna wczesniej udekorowac go crusta z cukru i soku z cytryny.,
drink, Grom W Raju, grom_w_raju, Bialy rum, 50 ml, Blue Curacao, 20 ml, Sok pomaranczowy, 50 ml, Sok kaktusowy, 150 ml , Lod,,,,,,,, Wszystkie skladniki wstrzasem w shakerze z lodem. Przecedzam do szklanki na lod... dekoruje cytryna i wisienka koktajlow.,
drink, Eye Of The Tiger, eye_of_the_tiger, Sok pomaranczowy, 100 ml, Grenadyna, 40 ml, Gin, 50 ml, Sok z cytryny, 40 ml, Sok grejfrutowy, 150 ml, Plasterek grejpfruta, do dekoracji, Lod,,,, Dwa pienrwsze skladniki wstrzasam w shakerze bez lodu. Przecedzam do wysokiej szklanki na lod. Nastepnie wstrzasam trzy kolejne skladniki... takze bez lodu i przelewam delikatnie... po lyzce... tak zeby utworzyly sie warstwy. Dekoruje plasterkiem grejpfrut.,
drink, Joyride, joyride, Gin, 50 ml, Sok zurawinowy, 50 ml , Sok pomaranczowy, 100 ml, Grenadyna, 10 ml, pomarancza, do dekoracji, karambola, do dekorajci, Lod,,,, Wszystkie skladniki wstrzasam w shakerze z lodem. Przecedzam do szklanki na lod... dekoruje plasterkiem karamboli i pomaranczy.,
drink, Twin Peaks, twin_peaks, Gin, 50 ml, Sok grejfrutowy, 50 ml, Blue curacao, 15 ml , Lod,,,,,,,,,, Gin i sok wstrzasam w shakerze z lodem. Do kieliszkow nalewam syrop blue curacao... a nastepnie kazdy uzupelniam zawartoscia shaker.,
drink, Wind Of Change, wind_of_change,Gin, 50 ml, Grenadyna, 20 ml, Sok pomaranczowy, 150ml, Sok z cytryny, 20 ml , Pomarancza i miechunka, do dekoracji,Lod,,,,,, Wszystkie skladniki wstrzasam w shakerze z lodem. Przecedzam do wysokiej szklanki na lod... dekoruje pomarancza i miechunk.,
drink, Touch Me, touch_me, gin, 50 ml, Blue curacao, 40 ml, Sok z cytryny, 40 ml, Sprite, do dopelnienia, plasterek pomaranczy, do dekoracji, lod,,,,,, Wszystkie skladniki poza Spritem wstrzasom w shakerze z lodem. Przecedzam do szklanki na lod... dopelniam Spritem... a do srodka wrzucam pol plasterka pomaranczy.,
drink, Nosferatu, nosferatu,Sok grejfrutowy, 100 ml, Syrop cukrowy, 30 ml , Gin, 50 ml, Sok z cytryny, 30 ml, Sok z czarnej porzeczki, 50 ml, Lod,,,,,, Dwa pierwsze skladniki wstrzasam w shakerze bez lodu. Przecedzam do wysokiej szklanki na lod. Nastepnie wstrzasam w shakerze trzy kolejne skladniki... takze bez lodu i przelewam delikatnie... po lyzce... tak zeby utworzyly sie warstwy. Dekoruje plasterkiem grejpfrut.,
drink, Oldfield, oldfield, Gin, 50 ml, Blue curacao, 20 ml, Sok pomaranczowy, 150 ml , Sok z cytryny, cwiartka, czastka cytryny, do dekoracji, Lod,,,,,, Wszystkie skladniki wstrzasom w shakerze z kostkami lodu. Przecedzam do szklanki na Lod... dodaje do srodka czastke cytryny.,
drink, Blue Pina Colada, blue_pina_colada, Bialy rum, 100 ml, Blue curacao, 20 ml, Mleczko skondensowane, 70 ml, Sok ananasowy, 200 ml, Syrop kokosowy, 20 ml , Lod,,,,,, Wszystkie skladniki wlewam do shakera i dodaje 2-3 kostki lodu. Dlugo i energicznie mieszam... zeby mleczko sie spienilo... a skladniki polaczyly. Przeoedzam cala zawartosc shakera... razem z lodem do szklanki. Dekoruje ananasem.,
drink, Easy Lover, easy_lover, Bialy rum, 100 ml, Sok pomaranczowy, 50 ml, Syrop malinowy, kilka kropli, Lod,,,,,,,,,, Rum i sok pomaranczowy wstrzasam w shakerze z lodem. Przecedzam do kieliszkow... do kazdego dodaje po kilka kropli syropu.,
drink, One Of Us, one_on_us, Bialy rum, 50 ml, Syrop malinowy, 10 ml, Plasterki pomaranczy, dwie sztuki, Sprite, Lod,,,,,,,,, Do szklanki wrzucam pomarancze pokrojona w polplasterki... dodaje syrop malinowy i ugniatam... zeby pomarancza puscila sok. Dodaje rum... kruszony lod... mieszam delikatnie lyzka i uzupelniam Spritem.,
drink,Armageddon, armageddon,Baly rum, 50 ml, Malibu, 30 ml, Grenadyna, 20 ml, Sok z mango, 100 ml, Sok pomaranczowy, 100 ml, Sok z cytryny, 25 ml, Lod,,,, Cztery pienwsze skladniki mieszam w shakerze bez lodu. Przecedzam do duzej szklanki wypelnionej lodem. Nastepnie sok pomaranczowy i sok z cytryny tez mieszam w shakerze bez lodu i delikatnie wlewam do szklanki... najlepiej po odwroconej lyzce... zeby utworzyc druga warstwe. Dekoruje pomarancz.,
drink,Ground Zero, ground_zero, Blue curacao, 25 ml, Sok z mango, 100 ml, Bialy rum, 50 ml, Syrop cukrowy, 25 ml, Sok z cytryny, 25ml, Sk wisniowy, 100 ml, Lod,,,, Na dno szklanki wypelnionej lodem wlewam syrop blue curacao. Nastepnie w shakerze bez lodu mieszam sok z mango... rum i syrop cukrowy. Delikatnie po odwroconej lyzce wlewam zawartosc shakera do szklanki. Sok z cytryny i sok wisniowy mieszam bez lodu w shakerze... przelewam delikatnie do szklanki... zeby utworzyc trzecia warstwe. Dekoruje pomarancza... wisienka koktajlowa i miet.,
drink,Gangsta's Paradise, gangstas_paradise, Bialy rum, 50 ml, Malibu, 30 ml, Sok z czarnej porzeczki, 150 ml, Sok pomaranczowy, 150 ml, Lod,,,,,,,, Wszystkie skladniki wstrzasam w shakerze z lodem. Przecedzam do duzej szklanki... dekoruje pomarancza i wisienka koktajlow.,
drink, Zar Tropikow, zar_tropikow, Grenadyna, 20 ml, Bialy rum, 50 ml, Blue curacao, 50 ml, Sok pomaranczowy, 300 ml, Lod,,,,,,,, Do szklanki wrzucam duzo kostek lodu. Wlewam grenadyne na dno. Nastepnie delikatnie po lyzce wlewam sok pomaranczowy. Rum oraz blue curacao mieszam w shakerze bez lodu. Zawartosc shakera wlewam do szklanki... tez delikatnie... po lyzce... zeby utworzyc trzecia warstwe. Dekoruje ananasem i pomarancz.,
drink, Dirty Dancing, dirty_dancing, Bialy rum, 50 ml, Sok z cytry, 50 ml, Grenadyna, 30 ml, Sprite, Plasterek cytryny, do dekoracji, Lod,,,,,,, Trzy pienrvsze skladniki mieszam w shakerze z lodem. Przecedzam do szklanki na lod... dopelniam Spritem... a do srodka wrzucam pol plasterka cytryny.,
drink, One On One, one_one_one, Bialy rum, 50 ml, Malibu, 50 ml, Sok ananasowy, Lod,,,,,,,,,,, Wszystkie skladniki wstrzasam w shakerze z lodem. Przecedzam do trzech kieliszkow po 50 ml lub kilku mniejszych.,
drink, Mojito Z Ogorkiem I Imbirem, mojito_z_ogorkiem_i_imbirem, Bialy rum, 40 ml, Limonka, polowa, Cukier brazowy, 2 lyzeczki, Mieta, kilka listkow, Dwa plasterki ogorka i kawalek imbiru, do dekoracji, Sprite, do dopelnienia, Lod,,,, Limonke kroje na 6 czesci... umieszczam je w szklance... zasypuje cukrem i ugniatam... zeby limonka puscila sok. Dodaje listki miety... ogorka oraz starty na tarce imbir i ponownie chwile ugniatam. Dodaje rum... kruszony lod i delikatnie mieszam lyzka. Dopelniam Spritem... dekoruje mieta i plasterkami ogork.,
drink, Red Fruit Mojito, red_fruit_mojito, Bialy rum, 40 ml, Limonka, polowa, Cukier brazowy, 2 lyzeczki, Mieta, kilka listkow, pestki granata, , Truskawki, dwie sztuki, Sprite, do dopelnienia, Lod,, Limonke kroje na 6 czesci... umieszczam je w szklance... zasypuje cukrem... dodaje pestki z granatu. Ugniatam... zeby limonka puscila sok. Dodaje listki miety i truskawki podzielone na cwiartki i ponownie ugniatam. Dodaje rum... kruszony |od i delikatnie mieszam lyzka. Dopelniam Spritem... dekoruje miet.,
drink, Born In The USA, born_in_the_usa, Bialy rum, 50 ml, Blue curacao, 50 ml, Sok grejfrutowy, 70 ml, Lod,,,,,,,,,, Wszystkie skladniki wstrzasam w shakerze z lodem. Przecedzam do kieliszka koktajlowego.,
drink, Cruel Summer, cruel_summer, Bialy rum, 50 ml, Malibu, 20 ml, Sok z cytryny, lyzeczka, Sok ananasowy, do dopelnienia, Grenadyna lub syrop malinowy, do dopelnienia, Lod,,,,,, Do szklanki wlewam na lod rum... Malibu i sok z cytryny... dopelniam sokiem ananasowym. Na koniec wlewam troche grenadyny lub syropu malinowego... zeby uzyskac efekt kolorystycznyjakna zdjeciu.,
drink, Man In The Mirror, man_in_the_mirror,Bialy rum, 50 ml, Sok ananasowy, 150 ml, Sok z czarnej porzeczki, 70 ml, Lod,,,,,,,,,, Wszystkie skladniki wstrzasam w shakerze z kostkami lodu. Przecedzam na lod do szklanki... dekoruje czastka ananasa i miechunk.,
drink, Ready Or Not, ready_or_not, Bialy rum, 100 ml, Malibu, 50 ml , Blue curacao, kilka kropli do kazdego kieliszka, Lod,,,,,,,,,, Malibu i rum wstrzasam z lodem. Przecedzam do kieliszkow... do kazdego dodaje po kilka kropli syropu.,
drink, Firestarter, firestarter, Bialy rum, 50 ml, Grenadyna, 20 ml, Sok z czarnej porzeczki, 100 ml, Sok grejfrutowy, do dopelnienia, Lod,,,,,,,, Rum... grenadyne i sok z czarnej porzeczki wstrzasam w shakerze z lodem. Przecedzam na lod i dopelniam sokiem grejpfrutowym.,
drink, Riverside, riverside, Wodka, 50 ml, Sok z cytryny, 15 ml, Sok bananowy, 100 ml, Sok pomaranczowy, 50 ml, Grenadyna, 15 ml, Lod,,,,,, Wszystkie skladniki wstrzasem w shakerze z lodem. Przecedzam do szklanki na lod... dekoruje pomarancza i wisienka koktajlow.,
drink, The Time Of My Life, the_time_of_my_life, Wodka, 50 ml, Wermut, 30 ml, Sok kaktusowy, 150 ml, Sok grejfrutowy, 50 ml, Lod,,,,,,,, Wszystkie skladniki wstrzasam w shakerze z lodem. Przecedzam do szklanki na lod... dekoruje listkami miety i skorka z cytiyny.,
drink, Viper, viper, Bialy rum, 100 ml, Sok ananasowy, 100 ml, Sok pomaranczowy, 100 ml, Blue curacao, 20 ml, Lod,,,,,,,, Wszystkie skladniki wstrzasam w shakerze z kostkami lodu. Przecedzam do szklanki na lod... dekoruje plasterkiem ananasa i pomaranczy.,
drink, Kiwi Daiquiri, kiwi_daiquiri, Bialy rum, 80 ml, Sok z limonki, 40 ml, Syrop cukrowy, 20 ml, Kiwi, polowa, Lod,,,,,,,, Kiwi obieram... kroje na male kawalki... umieszczam w shakerze i rozgniatam. Do shakera wlewam pozostale skladniki... wrzucam lod i wstrzasam. Przecedzam do kieliszka koktajlowego... dekoruje plasterkiem kiwi.,
drink, Under The Bridge, under_the_bridge, Bialy rum, 50 ml, Wodka, 50 ml, Grenadyna, 20 ml, Sok z cytryny, 40 ml , Cola, do dopelnienia, Plasterek cytryny, do dekoracji, Lod,,,, Wszystkie skladniki poza cola wstrzasam w shakerze z lodem. Przecedzam do szklanki na lod... dopelniam cola... a do srodka wrzucam plasterek cytryny.,
drink, Dzidzi, dzidzi, Wodka, 50 ml, Wermut, 100 ml, Sok wisniowy, 50 ml, Lod,,,,,,,,,, Wszystkie skladniki wstrzasam w shakerze z lodem. Przecedzam do kieliszka koktajlowego... ktory mozna wczesniej udekorowac crusta z cukru i grenadyny lub soku maiinowego.,
drink, Paradise City, paradise_city, Sok pomaranczowy, 120 ml, Blue curacao, 30 ml, Wodka, 70 ml, Sok z cytryny, 40 ml, Sok pomaranczowy, 150 ml, Lod,,,,,, Dwa pierwsze skladniki wstrzasam w shakerze bez lodu. Przecedzam do wysokiej szklanki na kostki lodu. Nastepnie kolejne trzy skladniki takze wstrzasam w shakerze bez lodu i delikatnie... po odwroconej lyzce przelewam do szklanki... zeby utworzyly sie dwie warstwy.,
drink, Cotton Eye Joe, cotoon_eye_joe, Wodka, 50 ml, Malibu, 50 ml, Sok bananowy, 150 ml, Sok pomaranczowy, 100 ml, Lod ,,,,,,,, Wszystkie skladniki wstrzasam w shakerze z lodem. Przecedzam do szklanki na lod... dekoruje pomarancza i miet.,
drink, Freestyler, freestyler, Wodka orzechowa, 50 ml, Sok bananowy, 100 ml, Blue curacao, lyzeczka, Lod,,,,,,,,,,  Wszystkie skladniki wstrzasam w shakerze z lodem. Przecedzam do kieliszka koktajlowego.,
drink, Let's Dance, lets_dance, Wodka wisniowa, 50 ml, Sok jablkowy, 100 ml, Sok grejfrutowy, 50 ml, Lod,,,,,,,,,, Wszystkie skladniki wstrzasam w shakerze z lodem. Przecedzam do szklanki na Lod. Dekoruje cytryna i wisienka koktajlow.,
drink, Zabojcza Bron, zabojcza_bron, Wodka cytrynowa, 70 ml, Pestka z granatu, dwie lyzki, Sok z mango, 300 ml, Lod,,,,,,,,,, Wodke ugniatam w szklance z pestkami granatu. Dodaje lod... uzupelniam sokiem z mango.,
drink, Footloose, footloose, Wodka, 50 ml, Sok grejfrutowy, 100 ml, Sok pomaranczowy, 50 ml, Sprite, do dopelnienia, Lod,,,,,,,, Trzy pierwsze skladniki wstrzasam w shakerze z kostkami lodu. Przecedzam do szklanki na Lod... dopelniam Spritem.,
drink, Mroczny Rycerz, mroczny_rycerz, Wodka cytrynowa, 50 ml, Sok z cytryny, cwiarta, Blue curacao, 20 ml, Cola , do dopelnienia, Pomarancza, do dekoracji, Lod,,,,,, Wszystkie skladniki poza cola umieszczam w shakerze z lodem... wstrzasam energicznie. Przecedzam do wysokiej szklanki na lod... dopelniam cola... dekoruje plasterkami pomaranczy.,
drink, Bailamos, bailamos, Wodka, 50 ml, Sok z granatu, 100 ml, Sok pomaranczowy, 100 ml, Pomarancza, plaster, Mieta, do dekoracji, Lod,,,,,, Wszystkie skladniki wstrzasam w shakerze z lodem. Przecedzam do wysokiej szklanki na lod... dekoruje pomarancza i miet.,
drink, November Rain, november_rain, Wodka wisniowa, 50 ml, Sok z cyryny, cwiartka, Cola, do dopelnienia, Lod,,,,,,,,,, Do szklanki wyciskam sok z cytryny i wrzucam cytryne do srodka. Dodaje wodke... lod i dopelniam col.,
drink, Invisible Man, invisible_man, Wodka orzechowa, 50 ml, Mleczko skondensowane nieslodzone, 100 ml, Kawa rozpuszczalna, lyzeczka, Lod,,,,,,,,,, Wszystkie skladniki wstrzasam w shakerze z lodem. Przecedzam do kieliszka koktajlowego... ktory mozna wczesniej udekorowac crusta z syropu cukrowego i kawy.,
drink, Boombastic, boombastic, Wodka malinowa, 50 ml, Mieta, 4 listki, Pomarancza, plaster, Sprite, do dopelnienia, Lod,,,,,,,, Pomarancze kroje w polplasterki... wrzucam do wysokiej szklanki... dodaje miete i ugniatam... zeby pomarancza puscila sok. Dodaje wodke... kostki lodu... mieszam delikatnie lyzka. Uzupelniam Spritem... dekoruje miet.,
drink, Toy Soldier, toy_soldier, Wodka czarna porzeczka, 50 ml, Sok zurawinowy, 100 ml, Sok z grejfrutowy, 100 ml, Sok pomaranczowy, 50 ml, Lod,,,,,,,, Wszystkie skladniki wstrzasam w shakerze z lodem. Przecedzam do duzej szklanki... dekoruje plasterkiem czerwonej pomaranczy.,
drink, Johny Bravo, johny_bravo, Wodka czarna porzeczka, 70 ml, Sok z cytryny, 20 ml, Sok pomaranczowy, 70 ml, Sok grejfrutowy, 50 ml, Grenadyna, 20 ml, Lod,,,,,, Wszystkie skladniki wstrzasam w shakerze z lodem. Przecedzam do szklanki... dekoruje pomarancza i miechunk.,
drink, Satisfaction, satisfaction, Wodka sliwkowa, 50 ml, Grenadyna, 20 ml, Sok z cytryny, 20 ml, Sok pomaranczowy, 150 ml, Lod,,,,,,,, Wszystkie skladniki wstrzasam w shakerze z lodem. Przecedzam do szklanki i dekoruje miechunk.,
drink, Yattaman(serio dobry drink),yattaman, Wodka pigwowa,50 ml, Sok z cytryny, 25 ml, Cola, do dopelnienia, Lod,,,,,,,,,, Do szklanki wlewam wodke... wyciskam sok z cwiartki cytryny... a nastepnie wrzucam cytryne do szklanki. Dodaje kilka kostek lodu i uzupelniam col.,
drink, Lowca Androidow, lowca_androidow, Woda sliwkowa, 70 ml, Sok z cytryny, cwiartka, Tonik, do dopelnienia, Lod,,,,,,,,,, Do szklanki wlewam wodke... wyciskam sok z cytryny... a cytryne wrzucam do srodka. Dodaje kostki lodu i uzupelniam tonikiem.,
drink, Smells Like Teen Spirit, smells_like_teen_spirit, Wodka, 50 ml, Malibu, 30 ml, Sok kaktusowy, 100 ml, Sok bananowy, 100 ml, Blue curacao, 5 ml, Lod,,,,,, Wszystkie skladniki wstrzasam w shakerze z lodem. Przecedzam do szklanki na lod... dekoruje plasterkiem kiwi.,
drink, Smooth Criminal, smooth_criminal, Wodka, 50 ml, Brzoskwinia z puszki, polowa, Mieta, od 5 do 6 listkow, Sprite, Lod,,,,,,,,, Brzoskwinie z mieta rozgniatam w szklance. Dodaje wodke... kruszony lod... delikatnie mieszam lyzka. Uzupelniam Spritem i dekoruje miet.,
drink, Two Princes, two_princes, Wodka malinowa, 50 ml, Grenadyna, 20 ml, Sok z cytryny, 40 ml, Woda gazowana, do dopelnienia, Mieta, do dekoracji, Lod,,,,,, Wszystkie skladniki poza woda wstrzasam w shakerze z lodem. Przecedzam do szklanki na lod... uzupelniam woda gazowana i dekoruje listkami miety.,
drink, Devil Inside, devil_inside, Wodka, 50 ml, Sok z granatu, 150 ml, Sok grejfrutowy, 100 ml, Grenadyna, 20 ml, Lod,,,,,,,, Wszystkie skladniki wstrzasam w shakerze z lodem. Przecedzam do wysokiej szklanki... dekoruje cytryn.,
drink, Upior W Operze, upior_w_operze, Wodka, 50 ml, Blue curacao, 70 ml, Sok z cyryny, 40 ml, Sok grejfrutowy, 100 ml, Sok pomaranczowy, 150 ml, Lod,,,,,, Wszystkie skladniki wstrzasam w shakerze z lodem. Przecedzam do duzej szklanki... dekoruje pomarancza... karambola i wisienka koktajlow.,
drink, Palm Bay, palm_bay, Wodka pigwowa, 50 ml, Sok pomaranczowy, 70 ml, Sok ananasowy, 100 ml, Sok z cyryny, 20 ml, Lod,,,,,,,, Wszystkie skladniki wstrzasam w shakerze z lodem. Przecedzam do wysokiej szklanki... dekoruje czastka ananas.,
drink, Casino Royale, casino_royale, Wodka, 50 ml, Blue curacao, 30 ml, Sok pomaranczowy, 100 ml, Lod,,,,,,,,,, Wszystkie skladniki wstrzasem w shakerze z lodem. Przecedzam do kieliszka koktajlowego... dekoruje pomarancz.,
drink, South Park, south_park, Wodka, 70 ml, Malibu, 20 ml, Sok pomaranczowy, 50 ml, Sok z czarnej porzeczki, 50 ml, Grenadyna,20 ml, Lod,,,,,, Wszystkie skladniki wstrzasam z lodem w shakerze.Przecedzam do szklanki na lod... dekoruje miechunka i pomarancz.,
drink, Sloneczny Patrol, sloneczny_patrol, Wodka, 50 ml, Wermut, 50 ml, Sok z mango, 100 ml, Sok grejfrutowy, 50 ml, Grenadyna, lyzka, Pomarancza i mieta do dekoracji, Lod,,,,, Wszystkie skladniki poza grenadyna wstrzasam w shakerze z lodem. Przecedzam do szklanki na lod... dodaje grenadyne. Dekoruje pomaranczai miet.,
drink, Step By Step, step_by_step, Wodka, 50 ml, Blue curacao, 15 ml, Pomarancza, dwa plastry, Tonik,do dopelnienia,Lod,,,,,,,, Do szklanki wrzucam pomarancze pokrojona w polplasterki... wlewam syrop oraz wodke i rozgniatam pomarancze... zeby puscila sok. Dodaje kostki lodu... uzupelniam drink tonikiem.,
drink, Stand By Me, stand_by_me, Wodka, 50 ml, Sok wisniowy, 150 ml, Sok z cytryny, 20 ml, Sok pomaranczowy, 50 ml, Lod,,,,,,,, Wszystkie skladniki wstrzasam w shakerze z lodem.Przecedzam do wysokiej szklanki... dekoruje plasterkiem pomaranczy.,
drink, Little Rock, little_rock, Wodka,50 ml, Wodka cytrynowa, 50 ml, Sok grejfrutowy, 50 ml, Lod,,,,,,,,,, Wszystkie skladniki wstrzasam w shakerze z lodem. Przecedzam do trzech kieliszkow po 50 ml lub kilku mniejszych.,
drink, Pigwowe Kamikaze, pigwowe_kamikaze, Wodka pigwowa, 40 ml, Blue curacao, 40 ml, Sok z cytryny, 40 ml, Lod,,,,,,,,,, Wszystkie skladniki wstrzasem w shakerze z lodem. Przecedzam do trzech kieliszkow po 40 ml.,
drink, Walk Of Life, walk_of_life, Wodka, 50 ml, Syrop malinowy, 20 ml, Sok wisniowy, 100 ml, Tonik, do dopelnienia, Lod,,,,,,,, Trzy pierwsze skladniki wstrzasem w shakerze z lodem. Przecedzam do wysokiej szklanki na lod... uzupelniam tonikiem i dekoruje wisienka koktajlow.,
drink, Coco Extazy, coco_extazy, Blue curacao, 70 ml, Wodka, 40 ml, Malibu, 40 ml, Sok ananasowy, 150 ml, Lod,,,,,,,, Do wysokiej szklanki wrzucam kostki lodu... wlewam syrop blue curacao. Delikatnie po kostkach lodu wlewam sok ananasowy... zeby nie zmieszal sie z syropem. Wodke... likier blue curacao i Malibu mieszam w shakerze bez lodu... a nastepnie delikatnie... po lyzce wylewam na wierzch drinka. Powinny utworzyc sie trzy warstwy. Dekoruje ananasem.,
drink, Cast Away, cast_away, Wodka cytrynowa, 50 ml, Sok grejfrutowy, 100 ml, Sok jablkowy, 50 ml, Blue curacao, 20 ml, Lod,,,,,,,, Wszystkie skladniki wstrzasam w shakerze z lodem. Przecedzam do szklanki na lod... dekoruje pomarancza i wisienka koktajlow.,
drink, Costa Mesa(zawsze w sercu) , costa_mesa, Blue curacao, 20 ml, Sok pomaranczowy, 100 ml, Wodka, 50 ml, Syrop cukrowy, 25 ml, Sok z cytryny, 75 ml, Wodka, 50 ml, Grenadyna, 20 ml, Lod,, Zaczynam od wlania na spod szklanki z lodem syropu blue curacao. Nastepnie sok pomaranczowy... syrop cukrowy i 50 ml wodki mieszam w shakerze bez lodu. Przecedzam delikatnie do szklanki na lod... po odwroconej lyzce lub po sciankach szklanki... zeby utworzyc druga warstwe. Ostatnie trzy skladniki takze wstrzasam w shakerze bez lodu i przelewam delikatnie do szklanki... zeby powstala trzecia warstw.,
drink, La Bamba, la_bamba, Sok pomaranczowy, 100 ml, Syrop cukrowy, 20 ml, Sok z czarnej porzeczki, 200 ml, Sok z cytryny, 30 ml, Wodka, 100 ml, Owoce, do dekoracji, Lod,,,, Dwa pienrwsze skladniki wstrzasam w shakerze bez lodu... przelewam do wysokiej szklanki na lod. Nastepnie trzy kolejne skladniki takze wstrzasom w shakerze bez lodu. Przecedzam delikatnie do szklanki... po odwroconej lyzce... zeby utworzyly sie warstwy. Dekoruje owocami.,
drink, Renegat, renegat, Wodka, 50 ml, Sok zurawinowy, 100 ml, Sok grejfrutowy, 50 ml, Grenadyna, 20 ml, Lod,,,,,,,, Wszystkie skladniki wstrzasam w shakerze z kostkami lodu. Przecedzam do szklanki na lod... dekoruje pomarancz.,
drink, Billie Jean, billie_jean, Wodka, 100 ml, Sok pomaranczowy, 30 ml, Blue curacao, 20 ml, Lod,,,,,,,,,, Wszystkie skladniki wstrzasam w shakerze z lodem. Przecedzam do trzech kieliszkow o pojemnosci 50 ml.,
drink, Part-Time Lover, part_time_lover, Wodka, 50 ml, Grenadyna, 20 ml, Sok grejfrutowy, 150 ml, Tonik, do dopelnienia, Lod,,,,,,,, Trzy pierwsze skladniki wstrzasam w shakerze z kostkami lodu. Przecedzam do szkianki na kostki lodu... dopelniam tonikiem... ewentualnie dekoruje polowa plasterka pomaranczy.,
drink, White Russian, white_russian, Wodka, 50 ml, Likier kahlua, 30 ml, Smietanka do kawy, 20 ml, Lod,,,,,,,,,, Dwa pierwsze skladniki wlewam do niskiej szklanki na lod... mieszam. Na wierzch nalewam smietanke.,
drink, Black Russian, black_russian, Wodka, 70 ml, Likier kahlua, 30 ml, Lod,,,,,,,,,,,, Skladniki wlewam do niskiej szklanki na lod... delikatnie mieszam.,
drink, Samba De Janeiro, samba_de_janeiro, Blue curacao, 50 ml, Sok grejfrutowy, 150 ml, Wodka, 50 ml, Sok pomaranczowy, do dopelnienia, Lod,,,,,,,, Pierwsze dwa skladniki wstrzasam w shakerze z kostkami lodu. Przeoedzam do szklanki na kostki lodu. Nastepnie delikatnie wlewam wodke i dopelniam sokiem pomaranczowym.,
drink, Miami Vice, miami_vice, Wodka, 50 ml, Grenadyna, 15 ml, Sok z czarnej porzeczki, 150 ml, Tonik, do dopelnienia, Lod,,,,,,,, Trzy piennsze skladniki wstrzasam z lodem w shakerze. Przecedzam do szklanki na lod... dopelniam tonikiem.,
drink, Private Dancer, private_dancer, Wodka, 50 ml, Blue curacao, 30 ml, Sok z cytryny, z cwiartki, Sprite, do dopelnienia, Lod,,,,,,,, Trzy pierwsze skladniki wstrzasam w shakerze z kostkami lodu. Przecedzam do szklanki na lod... dopelniam Spritem.,
drink, Krwawa Mary, krwawa_mary, Wodka, 40 ml, Sok z cytryny 15 ml, Sos worcestershire, kilka kropli, Tabasco, kilka kropli, Sok pomidorowy, do uzupelnienia, Sol selerowa,,Pieprz,,Lod,,, Do szklanki na lod wlewam wodke... sok z cytryny... sok pomidorowy... doprawiam sosami i przyprawami i mieszam. Mozna udekorowac selerem naciowym.,
drink, Teraz Polska, teraz_polska, Syrop malinowy, 15 ml, Wodka, 15 ml, Sok z cytryny, kilka kropli, Lod,,,,,,,,,,Do kieliszka wlewam syrop malinowy... nastepnie wlewam delikatnie wodke... dodaje kilka kropli soku z cytryny.,
drink, Daiquiri, daiquiri, Bialy rum, 40 ml, Sok z limonki, 20 ml, Syrop cukrowy, 5 ml, Lod,,,,,,,,,, Wszystkie skladniki wstrzasam w shakerze z lodem. Przecedzam do kieliszka koktajlowego.,
drink, Sex On The Beach, sex_on_the_beach, Wodka, 40 ml, Likier brzoskwiniowy, 20 ml, Sok pomaranczowy, 40 ml, Sok zurawinowy, 40 ml, Lod,,,,,,,, Wszystkie skladniki wstrzasam w shakerze z lodem. Przecedzam do szklanki z kostkami lodu... dekoruje pomarancza i wisienka koktajlow.,
drink, Cosmopolitan, cosmopolitan, Wodka cytrynowa, 40 ml, Likier triple sec, 15 ml, Sok z cytryny, 15 ml, Sok zurawinowy, 30 ml, Lod,,,,,,,, Wszystkie skladniki wstrzasam w shakerze z lodem. Przecedzam do kieliszka koktajlowego.,
drink, Margarita, margarita, Srebna tequila, 40 ml, Likier triple sec, 20 ml, Sok z cytryny, 15 ml, Sol i sok z cytryny, do zrobienia crusty, Lod,,,,,,,, Wszystkie skladniki wstrzasam w shakerze z lodem. Przecedzam do kieliszka koktajlowego... ktory wczesniej udekorowalam crustaz soku z cytryny i soli.,
drink, Tequila Sunrise, tequila_sunrise, Srebna tequila, 40 ml, Sok pomaranczowy, do uzupelniania, Grenadyna, lyzka, Lod,,,,,,,,,, Do szklanki na lod wlewam tequile... dodaje sok pomaranczowy... mieszam lyzka. Dodaje grenadyne... ktora powinna opasc na dno. Dekoruje plasterkiem pomaranczy.,
drink, Long Island Iced Tea, long_island_iced_tea, Wodka, 20 ml, Srebna tequila, 20 ml, Bialy rum 20 ml, Gin, 20 ml, Likier triple sec, 20 ml, Syrop cukrowy, 20 ml, Sok z cytryny, 40 ml, Cola, do uzupelnienia, Lod, Wszystkie skladniki wstrzasam w shakerze z lodem. Przecedzam do wysokiej szklanki z kostkami lodu... uzupelniam cola i dekoruje plasterkiem cytryny.,
drink, Martini, martini, Gin, 50 ml, Wermut, 15 ml, Oliwki,,Lod,,,,,,,,,, Skladniki wstrzasam w shakerze z lodem. Przecedzam do kieliszka koktajlowego i dekoruje oliwkami.,
drink, Mojito, mojito,Bialy rum, 40 ml, Limonka, pol sztuki, Cukier brazowy, 2 lyzeczki, Mieta, kilka listkow, Woda gazowana, do dopelnienia, Lod,,,,,, Limonke kroje na 6 czesci... umieszczam je w szklance... zasypuje cukrem i ugniatam... zeby limonka puscila sok. Dodaje listki miety i ponownie chwile ugniatam. Dodaje rum... kruszony lod i delikatnie mieszam lyzka. Dopelniam wodagazowana... dekoruje miet.,
drink, Wsciekly Pies, wsciekly_pies, Wodka, 20 ml, Syrop malinowy, 10 m, Tabasco, kilka kropli,,,,,,,,,,, Do kieliszka wlewam syrop malinowy i w drugiej kolejnosci wodke. Dodaje kilka kropli tabasco.,
drink, Pina Colada, pina_colada, Bialy rum, 30 ml, Mleczko skondensowane nieslodzone, 20 ml, Syrop kokosowy, 20 ml, Sok ananasowy, 90 ml, Lod,,,,,,,, Skladniki wraz z kruszonym lodem wstrzasam w shakerze i przelewam cala zawartosc do duzej szklanki. Dekoruje ananasem.,
dodatek, Domowy Syrop Cukrowy, domowy_syrop_cukrowy, Bialy cukier, szklanka, Wrzatek, szklanka,,,,,,,,,,,,, Cukier zalewam wrzatkiem i mieszam tak dlugo... az sie rozpusci. Przelewam do butelki... w razie potrzeby przechowuje przez kilka dni w lodowce.,
drink, Cuba Libre, cuba_libre, Bialy rum, 40 ml, Limonka, cwierc sztuki, Cola, do dopelnienia, Lod,,,,,,,,,, Do szklanki z lodem wyciskam limonke. Dodaje rum i dopelniam cola... mozna udekorowac kolejna cwiartka limonki.,
drink, B-52, b_52, Likier kahlua, 10 ml, Likier baileys, 10 ml ,Likier triple sec, 10 ml,,,,,,,,,,, Skladniki po kolei wlewam do kieliszka - najpierw Kahlue... w drugiej kolejnosci delikatnie... po odwroconej lyzce Baileys... a na koniec triple sec.,
shot, Smoke On The Water, smoke_on_the_water, Syrop karmelowy, jedna trzecia kieliszka, Likier truskawkowy, dwie trzecie kieliszka ,,,,,,,,,,,,,Skladniki wlewamy w podanej kolejnosci do kieliszkow... delikatnie... po lyzce... zeby utworzyly sie warstwy.,
drink, Blue Kamikaze, blue_kamikaze, wodka, 40 ml, Blue curacao, 40 ml, Sok z cytryny, 40 ml, Lod,,,,,,,,,, Wszystkie skladniki wstrzasem w shakerze z lodem. Przecedzam do trzech kieliszkow po 40 ml lub czterech po 3.,
shot, Nevermind, nevermind, Blue curacao, po 5 ml, Likier kahlua, 50 ml, Likier cointreau, 30 ml,,,,,,,,,,,Do kieliszkow wlewamy syrop. Likiery Kahlua i Cointreau wstrzasamy w shakerze i przelewamy do kieliszkow delikatnie... zeby utworzyla sie druga warstw.,
shot, Milosc Szmaragd I Krokodyl, milosc_szmaragd_i_krokodyl, Syrop pistacjowy, jedna czwarta, Likier czekoladowo-mietowy, dwie czwarte, Mleczko skondensowane nieslodzone, jedna czwarta ,,,,,,,,,,,Skladniki wlewamy w podanej kolejnosci do kieliszkow... delikatnie... po lyzce... zeby utworzyly sie warstwy.,
shot, Maskarada, maskarada, Syrop jagodowy, jedna czwarta, Likier truskawkowy, dwie czwarte, Mleczko skondensowane nieslodzone, jedo czwarte,,,,,,,,,,,Skladniki wlewamy w podanej kolejnosci do kieliszkow... delikatnie... po lyzce... zeby utworzyly sie warstwy.,
shot, Antidotum, antidotum, Syrop czekoladowy, 5 ml do kazdego kieliszka, Wodka orzechowa, 50 ml, Likier czekoladowy, 50 ml, Mleczko skondensowane nieslodzone, po 5 ml do kazdego kieliszka,,,,,,,,, Na dno kieliszkow wlewamy syrop. Wodke i likier wstrzasamy w shakerze i przelewamy ostroznie do kieliszkow - powinna sie otworzyc druga warstwa. Na wierzch delikatnie wlewamy mleczko.,
shot, Poker Face, poker_face, Likier kahlua, 50 ml, Malibu, 20 ml, Mleczko skondensowane nieslodzone, po 5 ml do kazdego kieliszka,,,,,,,,,,, Likier kawowy Kahlua i Malibu wstrzasamy w shakerze i przelewamy do kieliszkow. Na wierzch wlewamy delikatnie mleczko skondensowane.,
shot, Toxic, toxic, Syrop brzoskwiniowy, jedna trzecia, Likier pomaranczowy, jedna trzecia, Wodka zurawinowa, jedna trzecia,,,,,,,,,,, Skladniki wlewamy w podanej kolejnosci do kieliszkow... delikatnie... po lyzce... zeby utworzyly sie warstwy.,
shot, Under Pressure, under_pressure, Syrop jagodowy, jedna czwarta, Likier kokosowy , trzy czwarte,,,,,,,,,,,,, Skladniki wlewamy w podanej kolejnosci do kieliszkow... delikatnie... po lyzce... zeby utworzyly sie warstwy.,
shot, Lady Dynamite, lady_dynamite, Rum, 50 ml, Sok z mango, 70 ml, Blue curacao, po kilka kropli do kazdego kieliszka,,,,,,,,,,, Rum i sok z mango wstrzasem w shakerze. Przelewam do kieliszkow... dodaje kilka kropli syropu blue curacao do kazdego kieliszk.,
shot, Pina Colada XS, pina_colada_xs, Syrop ananasowy, jedna trzecia, Likier kokosowy, dwie trzecie,,,,,,,,,,,,, Do kieliszka wlewamy syrop... a nastepnie delikatnie wlewamy likier kokosowy... zeby utworzyc druga warstwe.,
shot, Wsciekly Pies, wsciekly_pies_shoty, Syrop malinowy, 10 ml, Wodka, 20 ml, Tabasco, kilka kropli,,,,,,,,,,, Do kieliszka wlewamy syrop... nastepnie delikatnie wlewamy wodke... zeby utworzyc druga warstwe. Dodajemy kilka kropli tabasco.,
shot, Welcome To The Jungle, welcome_to_the_jungle, Syrop truskawkowy, jedna trzecia, Likier melonowy, dwie trzecie,,,,,,,,,,,,, Skladniki wlewamy w podanej kolejnosci do kieliszkow... delikatnie po lyzce... zeby utworzyly sie warstwy.,
shot, Wsciekla Papuga, wsciekla_papuga, Syrop ananasowy, 10 ml, Wodka, 20 ml, Tabascko, kilka kropli,,,,,,,,,,, Do kieliszkow wlewamy syrop... nastepnie delikatnie... po lyzce... wlewamy wod ke. Dodajemy kilka kropli tabasco. Wskazowka: sprobuj kombinacji tego drinka z innymi syropami i znajdz ulubione polaczenie.,
shot, Bandyta, bandyta, Syrop czekoladowy, jedna trzecia, Likier bananowy, dwie trzecie,,,,,,,,,,,,, Do kieliszkow wlewamy syrop... a nastepnie delikatnie... po lyzce... wlewa my likier... ktory utworzy druga warstwe.,
shot, Alien Brain Hemorrhage,  alien_brain_herrhage, Likier brzoskwiniowy, jedna druga, Likier baileys, jedna czwarta, Blue curacao, kilka kropli, Grenadyna, kilka gropli,,,,,,,,," Do kieliszka wlewamy ""po kolei skladniki w podanej kolejnosci. Tym razem szybkosc nie jest wazna... nie bedzie tu warstw. Efekt taki jak na zdjeciu uzyskamy bez uzycia lyzki... po prostu wlewajac poszczegolne skladniki.",
shot, Animusz, animusz, Wodka gruszkowa, 50 ml, Sok pomaranczowy, 50 ml, Syrop czekoladowy, po 5 ml do kazdego kieliszka, krem czekoladowy, do dekoracji,,,,,,,,, Brzegi kieliszkow maczamy w kremie czekoladowym... zeby zrobic obwodke. Do kieliszkow wlewamy syrop czekoladowy. Pozostale skladniki wstrzasamy w shakerze i przelewamy do kieliszkow.,
shot, No Way Out, no_way_out, Syrop mango, jedna trzecia, Likier kahlua, jedna trzecia, Likier Baileys, jedna trzecia,,,,,,,,,,, Skladniki w podanej kolejnosci wlewamy do kieliszkow. Mozna uzyc nalewakow oraz lyzeczki... zeby wlewac alkohole powoli — to ulatwi stworzenie warstw.,
shot, I Will Wait, i_will_wait, Grenadyna, jedna trzecia, Likier archers, jedna trzecia, Wodka, jedna szosta, Sok zurawinowy, jedna szosta,,,,,,,,, Do kieliszkow wlewamy syrop grenadyna. Nastepnie delikatnie... po lyzce wlewamy likier Archers... zeby utworzyc druga warstwe. Wodke z sokiem zurawinowym wstrzasamy w shakerze. Przelewamy delikatnie do kieliszkow utworzy sie trzecia warstw.,
shot, Malpi Mozg, malpi_mozg, Likier archers, jedna druga, Likier baileys, jedna drga, Grenadyna, kilka kropli,,,,,,,,,,, Do kieliszka wlewamy Archers... a nastepnie delikatnie wlewamy Baileys... ktory utworzy druga warstwe. Na koniec dodajemy kilka kropli grenadyny. Najlatwiej zrobic to za pomoca slomki — palcem zatykam slomke z jednej strony... a z drugiej zanurzam ja w syr0pie... a nastepnie przenosze nad kieliszek i „odtykam” slomke.,
shot, After The Storm, after_the_storm, Wodka, 70 ml, Sok bananowy, 50 ml, Blue curacao, kilka kropli,,,,,,,,,,, Sok bananowy wstrzasamy z wodka w shakerze. Przelewamy do kieliszkow. Na koniec do kazdego dodajemy po kilka kropli syropu blue curacao.,
shot, Awake My Soul, awake_my_soul, Syrop pistacjowy, jedna trzecia, Likier baileys, dwie trzecie,,,,,,,,,,,,, Skladniki wlewamy w podanej kolejnosci do kieliszkow... delikatnie... po lyzce... zeby utworzyly sie warstwy.,
shot, Snake Eyes, snake_eyes, Zubrowka, 50 ml, Sok ananasowy, 70 ml, Blue curacao, jedna czwarta,,,,,,,,,,, Na dno kieliszkow wlewamy syrop. zubrowke mieszamy z sokiem ananasowym... przelewamy do kieliszkow delikatnie... zeby utworzyc warstwe.,
shot, Twoja Generacja, twoja_generacja, Blue curacao, jedna czwarta, Likier pomaranczowy,trzy czwarte,,,,,,,,,,,,, Skladniki wlewamy w podanej kolejnosci do kieliszkow... delikatnie... po lyzce... zeby utworzyly siewarstwy.,
shot, Imagination, imagination, Syrop pomaranczowy, jedna trzecia, Likier melonowy, dwie trzecie,,,,,,,,,,,,, Skladniki wlewamy w podanej kolejnosci do kieliszkow... delikatnie... po lyzce... zeby utworzyly sie warstwy.,
shot, Mad Love, mad_love, Blue curacao, jedna trzecia, Likier korzenno-miodowy Krupnik, dwie trzecie, Blue curacao, do dekoracji, Imbir mielony, do dekoracji,,,,,,,,, Brzegi kieliszka dekorujemy syropem blue curacao i imbirem. Na dno wlewamy syrop... a na wierzch delikatnie likier Krupnik... ktory utworzy druga warstwe.,
shot, Zanim Pojde, zanim_pojde, Likier amaretto, 20 ml, Rum, 50 ml, Sok z mango, 70 ml, Syrop czekoladowy, 5 ml,,,,,,,,,Do kieliszkow wlewamy po ok. 5 ml syropu czekoladowego. Wszystkie pozostale skladniki wstrzasamy w shakerze i przelewamy do kieliszkow delikatnie... zeby utworzyc druga warstwe.,
shot, Wodospad, wodospad, Blue curacao, jedna trzecia, wodka, dwie trzecie, Sok z cytryny, kilka kropli,,,,,,,,,,, Do kieliszkow wlewamy najpierw syrop... a potem delikatnie wodke. Na zakonczenie dodajemy po kilka kropli soku z cytryny do kazdego kieliszk.,
shot, Ruletka, ruletka, Syrop czekoladowy, 5 ml, Likier kokosowy, 30 ml, Syrop czekoladowy , do dekoracji, Mielona czekolada, do dekoracji,,,,,,,,,Brzeg kieliszka dekorujemy syropem i czekolada. Na dno wlewamy syrop czekoladowy... a potem delikatnie likier kokosowy.,
shot, Czwarta Nad Ranem, czwarta_nad_ranem, Wodka, 50 ml, Sok z mango, 100 ml, Grenadyna, kilka kropli,,,,,,,,,,,Dwa pierwsze skladniki wstrzasamy w shakerze i przelewamy do kieliszkow. Do kazdego dodajemy po kilka kropli syropu.,
shot, Chmurka, chmurka, Wodka, jedna druga, Likier archers, jedna druga, Skondensowane mleczko nieslodzone, kilka kropli,,,,,,,,,,, Do kieliszka wlewamy Archers... a nastepnie delikatnie wlewamy wodke... by utworzyla gorna warstwe. Za pomoca slomki nabieramy troche mleka skondensowanego... ktore nastepnie wlewamy do kieliszka. Mleko tworzy srodkowa warstwe... przypominajaca chmurke.,
shot, Bumelant, bumelant, Likier kahlua, 50 ml, Likier cointreau, 50 ml, Mleczko skondensowane nieslodzone, 50 ml,,,,,,,,,,,  Wszystkie skladniki wstrzasa my w shakerze. Przelewamy do kieliszkow.,
shot, Guilty, guilty, Rum, 50 ml, Sok wisniowy, 100 ml, Syrop czekoladowy, 5 ml, Kakao, do dekoracji, Czerwony syrop, do dekoracji,,,,,,, Na brzegu kieliszkow przygotowujemy cruste z kakao i syropu. Do kazdego kieliszka wlewamy syrop czekoladowy. Pozostale dwa skladniki wstrzasamy w shakerze i przelewamy do kieliszkow.,
shot, Freeze Me, freeze_me, Gin, 50 ml, Sok z czarnej porzeczki, 70 ml, Sok z cytryny, 30 ml,,,,,,,,,,, Wszystkie skladniki wstrzasamy w shakerze i przelewamy do kieliszkow.,
shot, Undercover, undercover, Gin, 50 ml, Sok kaktusowy, 100 ml, Sok z cytryny, 20 ml,,,,,,,,,,, Wszystkie skladniki wstrzasamy w shakerze i przelewamy do kieliszkow.,
shot, Anywhere, anywhere, Tequila silver, 50 ml, Sok z granatu, 100 ml, Grenadyna, 10 ml,,,,,,,,,,, Wszystkie skladniki wstrzasamy w shakerze i przelewamy do kieliszkow.,
shot, Stolen Dance, stolen_dance, Likier czekoladowy, 50 ml, Likier amaretto, 20 ml, Mleczko skondensowane nieslodzone, 50 ml, Syrop czekoladowy i kakao, do dekoracji,,,,,,,,, Brzegi kieliszkow dekorujemy syropem czekoladowym i kakao. Wszystkie skladniki shotow wstrzasamy w shakerze i przelewamy do kieliszkow.,
shot, Crazyhead, crazyhead, Likier pomaranczowy, 70 ml, Likier archers, 50 ml, Mleczko skondensowane nieslodzone, 50 ml,,,,,,,,,,, Wszystkie skladniki wstrzasamy w shakerze i przelewamy do kieliszkow.,
shot, Wonderland, wonderland, Wodka pomaranczowa, 50 ml, Sok kaktusowy, 70 ml, Blue curacao, 10 ml,,,,,,,,,,, Wszystkie skladniki wstrzasamy w shakerze i przelewamy do kieliszkow.,
shot, Flaming, flaming, Likier truskawkowy, 50 ml, Malibu, 30 ml, Mleczko skondensowane nieslodzone, 50 ml, Czerwony syrop, do dekoracji, Wiorki kokosowe, do dekoracji,,,,,,,Brzegi kieliszkow dekoruje crusta z syropu i wiorkow kokosowych. Wszystkie skladniki mieszam w shakerze. Przelewam do kieliszkow.,
shot, Orzech & Orzech, orzech_and_orzech, Syrop orzechowy, 5 ml, Likier czekoladowy, jedna druga, Wodka orzechowa, jedna druga,,,,,,,,,,,Na dno kieliszka wlewamy syrop orzechowy. Likier oraz wodke mieszamy w shakerze... a nastepnie delikatnie... po lyzce... wlewamy do kieliszka... zeby utworzyla sie druga warstwa.,
shot, Little Lion, little_lion, Syrop czekoladowy, 5 ml, Sok pomaranczowy, 30 ml, Wodka, 70 ml, Sok z cytryny, 5 ml,,,,,,,,, Do kieliszkow wlewamy syrop czekoladowy. Pozostale skladniki wstrzasamy w shakerze i przelewamy delikatnie do kieliszkow z syropem na dnie.,
shot, B-52, b_52_shoty, Likier kahlua, jedna trzecia ,Likier baileys, jedna trzecia ,Likier cointreau, jedna trzecia ,,,,,,,,,,, Do kieliszka wlac likier Kahlua. Nastepnie delikatnie po lyzce wlac Baileys... tak... zeby oba likiery sie nie zmieszaly. W ten sam sposob wlac Cointreau. Shot mozna podpalic i wypic plonacy w zapalony drink wkladamy slomke i od razu wypijamy... zanim zgasnie.,
shot, Marcelo, marcelo, Blue curacao, jedna czwarta, Likier mietowy, dwie czwarte, Wodka pomaranczowa, jedna czwarta,,,,,,,,,,, Skladniki wlewamy do kieliszka w podanej kolejnosci... przy drugim i trzecim najlepiej korzystac z nalewaka i wlewac alkohole delikatnie po lyzce... zeby latwiej bylo utworzyc warstwy.,
shot, Winter Winds, winter_winds, Malibu, 50 ml, Sok bananowy, 50 ml, Syrop czekoladowy, 50 ml,,,,,,,,,,,Do kieliszkow wlewamy syrop czekoladowy. Malibu z sokiem bananowym wstrzasamy w shakerze. Przelewamy ostroznie do kieliszkow z syropem... tak zeby utworzyla sie druga warstw.,
shot, After Eight, after_eight, Syrop czekoladowy, jedna czwarta, Likier mietowy, jedna druga, Mleczko skondensowane nieslodzone, jedna czwarta,,,,,,,,,,, Zaczynam od wlania do kieliszka syropu czekoladowego. Nastepnie druga warstwa likier mietowy... a na koniec lyzeczka wlewam mleczko skondensowane.,
shot, O-Cookie Shot, o_cookie_shot,Syrop czekoladowy, jedna trzecia, Bialy rum , jedna trzecia, Mleczko skondensowane nieslodzone, Syrop czekoladowy, do dekoracji, Starta czekolada, do dekoracji,,,,,,,, Brzegi kieliszkow dekorujemy syropem czekoladowym i czekolada. Na dno kieliszkow wlewamy syrop czekoladowy. Rum i mleczko wstrzasamy w shakerze i przelewamy delikatnie do kieliszkow... mozna pomoc sobie lyzeczka i nalewac po lyzeczce.,
shot, Palermo, palermo, Likier korzenno-miodowy, 50 ml, Sok z mango, 100 ml, Sok z cytryny, do dekoracji, Cukier, do doekoracji,,,,,,,,, Na brzegu kieliszkow robimy cruste z soku z cytryny i cukru. Pozostale skladniki wstrzasamy w shakerze i przelewamydo kieliszkow.,
shot, BCC, bcc, Blue curacao, 5 ml, Wodka cytrynowa, 25 ml,,,,,,,,,,,,, Do kieliszka wlewamy na dno syrop blue curacao. Na wierzch delikatnie... po lyzce... wlewamy wodke cytrynow.,
shot, Tacoma, tacoma, Wodka gruszkowa, 50 ml, Sok wisniowy, 70 ml, Sok z cytryny, 20 ml,,,,,,,,,,, Wszystkie sklad niki wstrzasa my w shakerze. Przelewa my do kieliszkow.,
shot Pasadena, pasadena, Wodka pomaranczowa, 70 ml, Sok ananasowy, 50 ml, Sok z mango, 100 ml,,,,,,,,,,,,  Wszystkie skladniki wstrzasamy w shakerze i przelewamy do kieliszkow.,
shot, Charlotte, charlotte, Likier korzenno-miodowy, 50 ml, Likier kahlua, 50 ml, Mleczko skondensowane nieslodzone, 50 ml, Krem czekoladowy, do dekoracji,,,,,,,,, Brzeg kieliszka obtaczamy w kremie czekoladowym. Wszystkie skladniki shota wstrzasamy w shakerze i przelewamy do kieliszkow.,
shot, Talizman, talizman, Zubrowka, 50 ml, Malibu, 30 ml, Sok z mango, 70 ml, Sok z cytryny, 10 ml, Syrop mango, do dekoracji, Kakao, do dekoracji,,,,, Na brzegu kieliszka robimy cruste z syropu i kakao. Wszystkie skladniki wstrzasamy w shakerze i przelewamy do kieliszkow.,
shot, Fargo, fargo, Blue curacao, 20 ml, Likier korzenno-miodowy, 50 ml, Sok jablkowy, 100 ml,,,,,,,,,,, Wszystkie skladniki wstrzasamy w shakerze i przelewamy do kieliszkow.,
shot, Pueblo, pueblo, Wodka pomaranczowa, 50 ml, Sok pomaranczowy, 50 ml, Sok ananasowy, 50 ml, Syrop mango, 20 ml,,,,,,,,, Wszystkie skladniki wstrzasamy w shakerze i przelewamy do kieliszkow.,
shot, Radioactive, radioactive, Likier cointreau, 100 ml, Mleczko skondensowane nieslodzone, 50 ml,Blue curacao, 20 ml,,,,,,,,,,,  Wszystkie sklad niki wstrzasa my w shakerze. Przelewa my do kieliszkow.,
shot, No Roots, no_roots, Wodka orzech laskowy, 50 ml, Likier czekoladowy, 20 ml, Mleczko skondensowane nieslodzone, 30 ml, Syrop czekoladowe i zmielone orzechy, do dekoracji,,,,,,,,,Na brzegu kieliszka robimy cruste z syropu i orzechow. Wszystkie skladniki wstrzasamy w shakerze i przelewamy do kieliszkow.,
shot, Alimos, alimos, Tequila silver, 30 ml, Blue curacao, 40 ml, Sok bananowy, 50 ml, Sok ananasowy, 50 ml,,,,,,,,, Wszystkie skladniki wstrzasa my w shakerze. Przelewa my do kieliszkow.,
shot, In My Blood, in_my_blood, Wodka grejfrutowa, 50 ml, Sok zurawinowy, 70 ml, Grenadyna, 10 ml, Sok z cytryny, 10 ml,,,,,,,,, Wszystkie skladniki wstrzasamy w shakerze i przelewamy do kieliszkow.,
shot, Arezzo, arezzo, Likier kahlua, 50 ml, Mleczko skondensowane nieslodzone, 50 ml, Syrop korzenny, 10 ml,,,,,,,,,,, Wszystkie skladniki wstrzasamy w shakerze i przelewamy do kieliszkow.,
shot, Flames, flames, Likier cointreau, 50 ml, Likier amaretto, 20 ml, Sok wisniowy, 80 ml, Sok z cytryny, 10 ml,,,,,,,,, Wszystkie skladniki wstrzasamy w shakerze i przelewamy do kieliszkow.,
shot, Belluno, belluno, Malibu, 50 ml, Sok z granatu, 50 ml, Sok pomaranczowy, 50 ml,,,,,,,,,,, Wszystkie skladniki wstrzasamy w shakerze i przelewamy do kieliszkow.,
shot, Como, como, Tequila silver, 50 ml, Blue curacao, 30 ml, Sok pomaranczowy, 100 ml,,,,,,,,,,, Wszystkie skladniki wstrzasamy w shakerze. Przelewamy do kieliszkow.,
shot, Demons, demons, Wodka gruszkowa, 50 ml, Wodka , 50 ml, Sok pomaranczowy, 100 ml,,,,,,,,,,, Wszystkie skladniki wstrzasamy w shakerze. Przelewamy do kieliszkow.,
shot, One Kiss, one_kiss, Wodka malinowa, 50 ml, Rum, 50 ml, Sok z granatu, 50 ml,,,,,,,,,,, Wszystkie skladniki wstrzasamy w shakerze i przelewamy do kieliszkow.,
shot, Be Mine, be_mine, Blue curacao, 50 ml, Wodka gruszkowa, 50 ml, Sok pomaranczowy, 50 ml,,,,,,,,,,, Wszystkie skladniki wstrzasamy w shakerze i przelewamy do kieliszkow.,
shot, Coming Home, coming_home, Gin, 50 ml, Wodka cytrynowa, 50 ml, Sok zurawinowy, 100 ml, cukier i grenadyna lub syrop malinowy, do dekoracji,,,,,,,,, Na brzegach kieliszkow robimy cruste z cukru i grenadyny lub syropu malinowego. Wszystkie skladniki drinka wstrzasamy w shakerze i przelewamy do kieliszkow.,
shot, Bella, bella, Zubrowka, 50 ml, Sok bananowy, 70 ml, Syrop mango, 20 ml, Syrop mango i kakao, do dekoracji,,,,,,,,, Na brzegu kieliszkow robimy cruste z syropu mango i kakao. Wszystkie skladniki shotow wstrzasamy w shakerze i przelewamy do kieliszkow.,
shot, Titanium, titanium, Wodka, 70 ml, Sok ananasowy, 70 ml, Syrop mango, 20 ml,,,,,,,,,,, Wszystkie skladniki wstrzasamy w shakerze i przelewamy do kieliszkow.,
shot, Despacito, despacito, Wodka cytrynowa, jedna druga, Blue curacao, jedna druga, cukier, do dekoracji,,,,,,,,,,, Na brzegu kieliszka robimy cruste z cukru i syropu blue curacao. Wodke i likier wstrzasamy w shakerze i przelewamy do kieliszkow.,
shot, Lost On You, lost_on_you, Wodka gruszkowa, 50 ml, Malibu, 30 ml, Sok zurawinowy, 50 ml, Sok z cytryny, 20 ml,,,,,,,,, Wszystkie skladniki wstrzasamy w shakerze i przelewamy do kieliszkow.,
shot, Sky, sky, Gin, 75 ml, Sok z cytryny, 25 ml, Blue curacao, 25 ml,,,,,,,,,,, Wszystkie skladniki wstrzasamy w shakerze i przelewamy do kieliszkow.,
shot, Sleep, sleep, Wodka truskawkowa, 50 ml, Wodka, 20 ml, Sok z mango, 80 ml, Grenadyna lub syrop truskawkowy oraz cukier, do dekoracji,,,,,,,,,Na brzegu kieliszkow robimy cruste z syropu i cukru. Wszystkie skladniki wstrzasamy w shakerze i przelewamy do kieliszkow.,
shot, Zielone Wzgorza, zielone_wzgorza, Gin, 50 ml, Likier mietowy, 50 ml, Sok z cytryny, 50 ml,,,,,,,,,,, Wszystkie skladniki wstrzasamy w shakerze... przelewa my do kieliszkow.,
shot, Elastic Heart, elastic_heart, Wodka ananasowa, 80 ml, Sok zurawinowy, 50 ml, Grenadyna, 10 ml, Sok z cytryny, 10 ml,,,,,,,,, Wszystkie skladniki wstrzasamy w shakerze i przelewamy do kieliszkow.,
shot, Heart Of Glass, heart_of_glass, Zubrowka, 50 ml, Sok bananowy, 80 ml, Blue curacao, 20 ml,,,,,,,,,,, Wszystkie skladni ki wstrzasa my w shakerze. Przelewa my do kieliszkow.,
shot, Proud Mary, proud_mary, Wodka, 50 ml, Likier brzoskwiniowy, 50 ml, Sok zurawinowy, 50 ml,,,,,,,,,,, Wszystkie skladniki wstrzasamy w shakerze i przelewamy do kieliszkow.,
shot, Place On Earth, place_on_earth, Zubrowka, 50 ml, Sok pomaranczowy, 70 ml, Syrop imbirowy, 20 ml,,,,,,,,,,, Wszystkie skladniki wstrzasamy w shakerze i przelewamy do kieliszkow.,
shot, Trapped, trapped, Gin, 20 ml, Blue curacao, 50 ml, Sok z cytryny, 50 ml, Syrop mango, 20 ml,,,,,,,,, Wszystkie skladniki wstrzasamy w shakerze i przelewamy do kieliszkow.,
shot, Monte, monte, Wodka o smaku orzechow laskowych, jedna druga, Mleczko skondensowane nieslodzone, jedna druga, Syrop orzechowy i starta czekolada, do dekoracji,,,,,,,,,,, Wodke i mleczko wstrzasamy w shakerze. Kieliszki dekorujemy crusta z syropu i czekolady. Wlewamy do nich zawartosc shaker.,
shot, Salem, salem, Zubrowka, 50 ml, Sok jablkowy, 70 ml, Syrop kolorowy i cynamon, do dekoracji,,,,,,,,,,,Na brzegu kieliszka robimy cruste z cynamonu i syropu. Skladniki shota wstrzasamy w shakerze i przelewa my do kieliszkow. ,
shot, Ananasowe Kamikaze, ananasowe_kamikaze, Wodka ananasowa, 40 ml, Blue curacao, 40 ml, Sok z cytryny, 40 ml, Lod,,,,,,,,,, Wszystkie skladniki wstrzasa my w shakerze. Przelewa my do kieliszkow.,
shot, Conga, conga, Wodka porzeczkowa, 50 ml, Gin, 50 ml, Sok z cytryny, 10 ml, Sok pomaranczowy, 40 ml, Lod,,,,,,,, Wszystkie skladniki umieszczamy w shakerze z lodem... wstrzasamy i przelewamy do kieliszkow.,
shot, Bones Of Love, bones_of_love, Wodka ananasowa, 40 ml, Malibu, 20 ml, Sok ananasowy, 60 ml, Lod,,,,,,,,,, Wszystkie skladniki umieszczamy w shakerze z kostkami lodu... wstrzasamy... nastepnie przelewamy do kieliszkow.,
shot, Tiramisu, tiramisu, Likier kahlua, 80 ml, Likier baileys, 40 ml, Mleczko skondensowane nieslodzone, 40 ml, Likier migdalowy, 10 ml, Syrop migdalowy i zmielona kawa, do dekoracji,,,,,,, Na brzegu kieliszkow robimy cruste z syropu i kawy. Wszystkie skladniki wstrzasamy w shakerze i przelewamy do kieliszkow.,
shot, Bamboleo, bamboleo, Wodka, 50 ml, Blue curacao, 30 ml, Sok pomaranczowy, 50 ml, Sok z cytryny, 10 ml, Blue curacao, kilka kropli, Lod,,,,,, Wszystkie skladniki oprocz syropu wstrzasamy z kostkami lodu w shakerze. Przelewamy do kieliszkow... dodajemy syrop do kazdego kieliszka (wystarczy kilka kropli).,
shot, Hold The Line, hold_the_line, Wodka truskawkowa, 50 ml, Wodka pomaranczowa, 50 ml, Sok pomaranczowy, 50 ml, Sok z cytryny, 10 ml, Lod, Sos truskawkowy i kakao, do dekoracji,,,,,, Brzegi kieliszkow dekorujemy sosem i ciemnym kakao. Skladniki shota wstrzasamy z kostkami lodu w shakerze. Przecedzamy do kieliszkow.,
shot, Take It Easy, take_it_easy, Wodka sliwkowa, 50 ml, Wodka, 50 ml, Sok z cytryny, 50 ml, Grenadyna, 20 ml,,,,,,,,, Wszystkie skladniki wstrzasamy w shakerze i przelewamy do kieliszkow.,
shot, Rabiosa, rabiosa, Wodka, 50 ml, Likier mietowy, 50 ml, Sok z cytryny, 50 ml,,,,,,,,,,, Wszystkie skladniki wstrzasamy w shakerze i przelewamy do kieliszkow.,
shot, Endless Summer, endless_summer, Wodka truskawkowa, 50 ml, Sok z cytryny, 40 ml, Sok bananowy, 70 ml,,,,,,,,,,, Wszystkie skladniki wstrzasamy w shakerze i przelewamy do kieliszkow.,
shot, Paper Planes, paper_planes, Malibu, 50 ml, Blue curacao, 20 ml, Sok ananasowy, 80 ml, Sok z cytryny, 20 ml, Lod,,,,,,,, Wszystkie skladniki umieszcza my w shakerze z kostkami lodu... wstrzasamy... nastepnie przelewamy do kieliszkow.,
shot, Bang A Drum, bang_a_drum, Wodka ananasowa, 50 ml, Malibu, 50 ml, Likier cointreau, 50 ml, Sok bananowy, 30 ml,,,,,,,,, Wszystkie skladniki wstrzasamy w shakerze... przelewamy do kieliszkow.,
shot, Dead Or Alive, dead_or_alive, Wodka truskawkowa, 50 ml, Malibu, 20 ml, Sok zurawinowy, 50 ml, Sok z cytryny, 20 ml, Lod,,,,,,,, Wszystkie skladniki wstrzasamy w shakerze z kostkami lodu... przecedzamy do kieliszkow. Jesli uzywamy naturalnego... kwasnego soku zurawinowego... a nie nektaru... mozna pominac sokz cytryny.,
shot, One More Song, one_more_song, Wodka porzeczkowa, 50 ml, Tequila silver, 50 ml, Sok z cytryny, 50 ml,,,,,,,,,,, Wszystkie skladniki wstrzasamy w shakerze i przelewamy do kieliszkow.,
shot, Shake It, shake_it, Wodka cytrynowa, 50 ml, Blue curacao, 10 ml, Sok pomaranczowy, 50 ml, Sok bananowy, 30 ml,,,,,,,,, Wszystkie skladniki wstrzasamy w shakerze i przelewamy do kieliszkow.,
shot, Sunrise XS, sunrise_xs, Wodka, jedna druga, Sok pomaranczowy, jedna druga, Grenadyna, kilka kropli,,,,,,,,,,, Wodke wstrzasamy w shakerze z sokiem pomaranczowym. Przelewamy do kieliszkow i do kazdego dodajemy po kilka kropli grenadyny.,
shot, Acapulco, acapulco, Likier czekoladowy, 50 ml, Likier kahlua, 50 ml, Sok bananowy, 50 ml,,,,,,,,,,, Wszystkie skladniki wstrzasamy w shakerze i przelewamy do kieliszkow.,
shot, Blue Stories, blue_stories, Blue curacao, 50 ml, Likier baileys, 40 ml, Mleczko skondensowane nieslodzone, 40 ml, Wodka, 50 ml,,,,,,,,, Wszystkie skladniki wstrzasamy w shakerze. Przelewa my do kieliszkow.,
shot, Blue Kamikaze, blue_kamikaze_shoty, Wodka, 40 ml, Blue curacao, 40 ml, Sok z cytryny, 40 ml, Lod,,,,,,,,,, Wszystkie skladniki wstrzasamy w shakerze z lodem. Przecedzamy do trzech kieliszkow po 40 ml lub czterech po 30 ml.,
dodatek, Jak Zrobic Cruste, jak_zrobic_cruste,,,,,,,,,,,,,,,,, Crusta to dekoracyjna obwodka na brzegu kieliszka. zeby ja przygotowac... wez dwa niewielkie talerzyki. Na jeden nalej dowolny syrop lub sok z cytryny. Na drug wysyp cukier... kakao... kawe mielona... cynamon itp. Kieliszek delikatnie zanurz wsyropie i strzasnij nadmiar syropu. Nastepnie obtocz brzegw posypce.,
shot, Smak Raju, smak_raju, Malibu, 100 ml, Mleczko skondensowane nieslodzone, 40 ml, Likier czekoladowe, 30 ml, Syrop czekoladowe i kakao,,,,,,,,,, Na brzegu kieliszka robimy cruste z syropu i kakao. Wszystkie skladniki wstrzasamy w shakerze i przelewamy do kieliszkow.,
shot, Jump, jump, Wodka pomaranczowa, 70 ml, Malibu, 50 ml, Sok pomaranczowy, 30 ml, Krem czekoladowy, do dekoracji,,,,,,,,, Wodke... Malibu i sok wstrzasamy w shakerze. Brzegi kieliszkow maczamy w kremie czekoladowyml przelewamy do nich zawartosc shaker.,
